{
  "description": "One-Click File Sharing Solution for your network.\nObmin is lightweight HTTP File Server solution for GNU/Linux systems.\n\nFeatures:\n⚫ Easy installation.\n⚫ Easy setup just choose file(s) locations and tune Obmin on.\n⚫ Doesn't require ROOT privileges.\n⚫ Doesn't require any special client side installation.\n⚫ HTTP transfer protocol available everywhere Linux, OSX, Windows, Android, iOS so.\n⚫ More ...\n\nFor more information and how-to see README.md",
  "name": "Obmin",
  "settings-schema": "org.gnome.shell.extensions.obmin",
  "shell-version": [
    "3.14",
    "3.16",
    "3.18",
    "3.20",
    "3.22",
    "3.24",
    "3.26"
  ],
  "url": "https://github.com/konkor/obmin",
  "uuid": "obmin@konkor"
}
